{
  "patch_id": "0a548b6d-80d1-41d0-bacd-fd037e830a50",
  "timestamp": "2025-09-21T20:39:45.300038",
  "author": "Blastbrean",
  "diff": {
    "animation": {
      "rbxassetid://7960934455": {
        "status": "modified",
        "changes": {
          "actions": {
            "from": [
              {
                "_type": "Parry",
                "name": "Release",
                "hitbox": {
                  "Y": 40,
                  "X": 40,
                  "Z": 71
                },
                "when": 900,
                "ihbc": false
              }
            ],
            "to": [
              {
                "_type": "Start Block",
                "name": "Release",
                "hitbox": {
                  "Y": 40,
                  "X": 40,
                  "Z": 71
                },
                "when": 900,
                "ihbc": false
              },
              {
                "_type": "End Block",
                "name": "2",
                "hitbox": {
                  "Y": 40,
                  "X": 40,
                  "Z": 71
                },
                "when": 1400,
                "ihbc": false
              }
            ]
          },
          "rpue": {
            "from": true,
            "to": false
          },
          "iae": {
            "from": false,
            "to": true
          },
          "mat": {
            "from": 2000,
            "to": 1500
          }
        }
      }
    }
  }
}