{
  "patch_id": "4a89d588-c5ea-4483-8a43-d701afd316fa",
  "timestamp": "2025-09-21T03:48:22.437497",
  "author": "Juanito",
  "diff": {
    "animation": {
      "rbxassetid://74575549085897": {
        "status": "modified",
        "changes": {
          "actions": {
            "from": [],
            "to": [
              {
                "_type": "Parry",
                "name": "1",
                "hitbox": {
                  "Y": 15,
                  "X": 15,
                  "Z": 15
                },
                "when": 1300,
                "ihbc": false
              }
            ]
          }
        }
      }
    }
  }
}