{
  "patch_id": "f7b6c98f-249f-4e1a-954f-1e6437993dfb",
  "timestamp": "2025-09-25T13:27:35.477848",
  "author": "Juanito",
  "diff": {
    "animation": {
      "rbxassetid://5832842794": {
        "status": "modified",
        "changes": {
          "actions": {
            "from": [
              {
                "_type": "Dodge",
                "name": "1",
                "hitbox": {
                  "Y": 21,
                  "X": 21,
                  "Z": 50
                },
                "when": 50,
                "ihbc": false
              }
            ],
            "to": [
              {
                "_type": "Dodge",
                "name": "1",
                "hitbox": {
                  "Y": 18,
                  "X": 18,
                  "Z": 90
                },
                "when": 50,
                "ihbc": false
              }
            ]
          }
        }
      }
    }
  }
}