{
  "patch_id": "7ffcfc6a-c875-43fd-8a68-38bc1e636b9f",
  "timestamp": "2025-09-27T10:58:16.124373",
  "author": "Juanito",
  "diff": {
    "animation": {
      "rbxassetid://13610101542": {
        "status": "added",
        "data": {
          "phd": false,
          "umoa": false,
          "imb": false,
          "dp": false,
          "rpd": 0,
          "pfht": 0.15,
          "smod": "N/A",
          "hso": 0,
          "aatk": false,
          "rsd": 0,
          "ieae": false,
          "iae": false,
          "ha": false,
          "actions": [],
          "pfh": false,
          "ndfb": false,
          "duih": false,
          "after": 0,
          "_id": "rbxassetid://13610101542",
          "mat": 2000,
          "rpue": false,
          "srpn": false,
          "phds": 0,
          "hitbox": {
            "Y": 0,
            "X": 0,
            "Z": 0
          },
          "punishable": 0,
          "name": "StormseyeCrit",
          "imxd": 96,
          "smn": false,
          "fhb": true,
          "imdd": 0,
          "tag": "Undefined"
        }
      }
    }
  }
}