{
  "patch_id": "baead565-86dd-409a-bc00-ae1d8f354102",
  "timestamp": "2025-09-20T17:43:05.596942",
  "author": "Blastbrean",
  "diff": {
    "animation": {
      "rbxassetid://11363599835": {
        "status": "modified",
        "changes": {
          "hitbox": {
            "from": {
              "Y": 17,
              "X": 8.000000953674316,
              "Z": 17
            },
            "to": {
              "Y": 17,
              "X": 14.875,
              "Z": 17
            }
          }
        }
      }
    }
  }
}