{
  "patch_id": "6b8af53c-e9bc-4f73-ad97-7a0961afe8c3",
  "timestamp": "2025-09-21T21:39:25.837097",
  "author": "Blastbrean",
  "diff": {
    "animation": {
      "rbxassetid://9921853885": {
        "status": "modified",
        "changes": {
          "actions": {
            "from": [
              {
                "_type": "Forced Full Dodge",
                "name": "Release",
                "hitbox": {
                  "Y": 50,
                  "X": 40,
                  "Z": 40
                },
                "when": 700,
                "ihbc": false
              }
            ],
            "to": [
              {
                "_type": "Start Block",
                "name": "Release",
                "hitbox": {
                  "Y": 50,
                  "X": 40,
                  "Z": 40
                },
                "when": 500,
                "ihbc": false
              },
              {
                "_type": "End Block",
                "name": "End",
                "hitbox": {
                  "Y": 300,
                  "X": 300,
                  "Z": 300
                },
                "when": 900,
                "ihbc": false
              }
            ]
          }
        }
      }
    }
  }
}