{
  "patch_id": "fc066cac-f2e2-467e-83d8-536ab7d34187",
  "timestamp": "2025-09-21T00:37:42.006916",
  "author": "Juanito",
  "diff": {
    "animation": {
      "rbxassetid://14428522483": {
        "status": "modified",
        "changes": {
          "duih": {
            "from": false,
            "to": true
          },
          "hitbox": {
            "from": {
              "Y": 0,
              "X": 0,
              "Z": 0
            },
            "to": {
              "Y": 41,
              "X": 21,
              "Z": 21
            }
          }
        }
      }
    }
  }
}