{
  "patch_id": "cd6cba1b-34f7-423c-8ef7-9c0f055ef612",
  "timestamp": "2025-09-21T03:56:41.359048",
  "author": "Juanito",
  "diff": {
    "part": {
      "Shard": {
        "status": "modified",
        "changes": {
          "imdd": {
            "from": 20,
            "to": 0
          },
          "actions": {
            "from": [
              {
                "_type": "Parry",
                "name": "1",
                "hitbox": {
                  "Y": 0,
                  "X": 0,
                  "Z": 0
                },
                "when": 0,
                "ihbc": false
              }
            ],
            "to": [
              {
                "_type": "Parry",
                "name": "1",
                "hitbox": {
                  "Y": 21,
                  "X": 21,
                  "Z": 21
                },
                "when": 500,
                "ihbc": false
              }
            ]
          }
        }
      }
    }
  }
}