{
  "patch_id": "0c629ed3-4a23-44c1-96ea-80ff5628a337",
  "timestamp": "2025-09-24T17:02:56.543278",
  "author": "Juanito",
  "diff": {
    "animation": {
      "rbxassetid://15941738769": {
        "status": "modified",
        "changes": {
          "actions": {
            "from": [
              {
                "_type": "Parry",
                "name": "1",
                "hitbox": {
                  "Y": 31,
                  "X": 60,
                  "Z": 60
                },
                "when": 450,
                "ihbc": false
              }
            ],
            "to": [
              {
                "_type": "Parry",
                "name": "1",
                "hitbox": {
                  "Y": 31,
                  "X": 75,
                  "Z": 75
                },
                "when": 450,
                "ihbc": false
              }
            ]
          }
        }
      }
    }
  }
}