{
  "patch_id": "a621da9d-386a-4b47-9c9d-48a878fd2d3e",
  "timestamp": "2025-09-23T14:51:03.379778",
  "author": "Juanito",
  "diff": {
    "animation": {
      "rbxassetid://70499364296634": {
        "status": "modified",
        "changes": {
          "hso": {
            "from": null,
            "to": 0
          },
          "imb": {
            "from": null,
            "to": false
          }
        }
      },
      "rbxassetid://136701179709286": {
        "status": "modified",
        "changes": {
          "hso": {
            "from": null,
            "to": 0
          },
          "imb": {
            "from": null,
            "to": false
          }
        }
      },
      "rbxassetid://11219902982": {
        "status": "added",
        "data": {
          "imb": false,
          "phd": false,
          "umoa": false,
          "dp": false,
          "pfht": 0.15,
          "rpd": 0,
          "aatk": false,
          "smod": "N/A",
          "hso": 0,
          "scrambled": false,
          "iae": false,
          "ieae": false,
          "ha": false,
          "duih": false,
          "actions": [
            {
              "_type": "Parry",
              "name": "1",
              "hitbox": {
                "Y": 0,
                "X": 0,
                "Z": 0
              },
              "when": 600,
              "ihbc": false
            }
          ],
          "pfh": false,
          "ndfb": false,
          "rsd": 0,
          "after": 0,
          "_id": "rbxassetid://11219902982",
          "mat": 2000,
          "rpue": false,
          "srpn": false,
          "phds": 0,
          "hitbox": {
            "Y": 0,
            "X": 0,
            "Z": 0
          },
          "punishable": 0,
          "name": "DreadBreath",
          "imxd": 172,
          "smn": false,
          "fhb": true,
          "imdd": 0,
          "tag": "Undefined"
        }
      }
    }
  }
}