{
  "patch_id": "cfa9622d-94f1-4509-8e72-415296bccbf5",
  "timestamp": "2025-09-24T16:57:50.273543",
  "author": "Juanito",
  "diff": {
    "part": {
      "Spike": {
        "status": "modified",
        "changes": {
          "actions": {
            "from": [
              {
                "_type": "Parry",
                "name": "1",
                "hitbox": {
                  "Y": 23,
                  "X": 15,
                  "Z": 15
                },
                "when": 0,
                "ihbc": false
              }
            ],
            "to": [
              {
                "_type": "Parry",
                "name": "1",
                "hitbox": {
                  "Y": 40,
                  "X": 15,
                  "Z": 15
                },
                "when": 0,
                "ihbc": false
              }
            ]
          }
        }
      }
    }
  }
}