{
  "patch_id": "cb4587fa-28e4-4fa2-aef3-1fbb3327cfaa",
  "timestamp": "2025-09-21T20:49:36.373917",
  "author": "Blastbrean",
  "diff": {
    "animation": {
      "rbxassetid://6728862735": {
        "status": "modified",
        "changes": {
          "actions": {
            "from": [
              {
                "_type": "Parry",
                "name": "Release",
                "hitbox": {
                  "Y": 25,
                  "X": 28,
                  "Z": 25
                },
                "when": 550,
                "ihbc": false
              }
            ],
            "to": [
              {
                "_type": "Parry",
                "name": "Release",
                "hitbox": {
                  "Y": 25,
                  "X": 28,
                  "Z": 25
                },
                "when": 600,
                "ihbc": false
              }
            ]
          }
        }
      }
    }
  }
}