{
  "patch_id": "07cc2035-3b7e-4be5-981b-7b7b68adb2cd",
  "timestamp": "2025-09-23T14:52:43.578701",
  "author": "Juanito",
  "diff": {
    "animation": {
      "rbxassetid://11219902982": {
        "status": "modified",
        "changes": {
          "actions": {
            "from": [
              {
                "_type": "Parry",
                "name": "1",
                "hitbox": {
                  "Y": 31,
                  "X": 31,
                  "Z": 100
                },
                "when": 550,
                "ihbc": false
              }
            ],
            "to": [
              {
                "_type": "Parry",
                "name": "1",
                "hitbox": {
                  "Y": 25,
                  "X": 25,
                  "Z": 100
                },
                "when": 550,
                "ihbc": false
              }
            ]
          }
        }
      }
    }
  }
}