{
  "patch_id": "802f2050-17d8-4a05-bfb0-edf044164b81",
  "timestamp": "2025-09-21T22:11:37.500467",
  "author": "Blastbrean",
  "diff": {
    "part": {
      "CENTER": {
        "status": "modified",
        "changes": {
          "actions": {
            "from": [
              {
                "_type": "Dodge",
                "name": "1",
                "hitbox": {
                  "Y": 20,
                  "X": 20,
                  "Z": 20
                },
                "when": 900,
                "ihbc": false
              }
            ],
            "to": [
              {
                "_type": "Dodge",
                "name": "1",
                "hitbox": {
                  "Y": 20,
                  "X": 20,
                  "Z": 20
                },
                "when": 800,
                "ihbc": false
              }
            ]
          }
        }
      }
    }
  }
}