{
  "patch_id": "50b095e2-dc80-44b3-a544-ba0759f504be",
  "timestamp": "2025-09-21T04:09:30.913065",
  "author": "Juanito",
  "diff": {
    "animation": {
      "rbxassetid://128613582420698": {
        "status": "modified",
        "changes": {
          "imxd": {
            "from": 161,
            "to": 75
          },
          "umoa": {
            "from": false,
            "to": true
          },
          "smod": {
            "from": "N/A",
            "to": "Throw"
          }
        }
      }
    }
  }
}