{
  "patch_id": "edf4a4e4-f8c7-49b8-b8da-d41a553c748b",
  "timestamp": "2025-09-24T17:06:18.898217",
  "author": "Juanito",
  "diff": {
    "animation": {
      "rbxassetid://6669352471": {
        "status": "modified",
        "changes": {
          "hitbox": {
            "from": {
              "Y": 17,
              "X": 8.000000953674316,
              "Z": 16.000001907348633
            },
            "to": {
              "Y": 17,
              "X": 14.875,
              "Z": 21.25
            }
          }
        }
      }
    }
  }
}