{
  "patch_id": "1b857517-641a-444f-baf9-fd8fe3cf60d5",
  "timestamp": "2025-09-25T13:27:03.103486",
  "author": "Juanito",
  "diff": {
    "animation": {
      "rbxassetid://5832842794": {
        "status": "modified",
        "changes": {
          "actions": {
            "from": [
              {
                "_type": "Parry",
                "name": "1",
                "hitbox": {
                  "Y": 21,
                  "X": 21,
                  "Z": 31
                },
                "when": 0,
                "ihbc": false
              }
            ],
            "to": [
              {
                "_type": "Parry",
                "name": "1",
                "hitbox": {
                  "Y": 21,
                  "X": 21,
                  "Z": 50
                },
                "when": 150,
                "ihbc": false
              }
            ]
          }
        }
      }
    }
  }
}