{
  "patch_id": "5459d8ee-2626-495f-a79f-5912b099696f",
  "timestamp": "2025-09-27T11:10:35.075102",
  "author": "Juanito",
  "diff": {
    "animation": {
      "rbxassetid://13610101542": {
        "status": "modified",
        "changes": {
          "actions": {
            "from": [
              {
                "_type": "Parry",
                "name": "1",
                "hitbox": {
                  "Y": 0,
                  "X": 0,
                  "Z": 0
                },
                "when": 550,
                "ihbc": false
              },
              {
                "_type": "Parry",
                "name": "2",
                "hitbox": {
                  "Y": 40,
                  "X": 40,
                  "Z": 40
                },
                "when": 850,
                "ihbc": false
              }
            ],
            "to": [
              {
                "_type": "Parry",
                "name": "1",
                "hitbox": {
                  "Y": 40,
                  "X": 40,
                  "Z": 40
                },
                "when": 550,
                "ihbc": false
              },
              {
                "_type": "Parry",
                "name": "3",
                "hitbox": {
                  "Y": 40,
                  "X": 40,
                  "Z": 40
                },
                "when": 1150,
                "ihbc": false
              },
              {
                "_type": "Parry",
                "name": "2",
                "hitbox": {
                  "Y": 40,
                  "X": 40,
                  "Z": 40
                },
                "when": 850,
                "ihbc": false
              }
            ]
          }
        }
      }
    }
  }
}