{
  "patch_id": "72829c8d-05b7-4979-9a9d-d5c8ce322da1",
  "timestamp": "2025-09-21T20:48:17.589873",
  "author": "Blastbrean",
  "diff": {
    "animation": {
      "rbxassetid://6728862735": {
        "status": "modified",
        "changes": {
          "actions": {
            "from": [
              {
                "_type": "Parry",
                "name": "Release",
                "hitbox": {
                  "Y": 25,
                  "X": 28,
                  "Z": 25
                },
                "when": 500,
                "ihbc": false
              }
            ],
            "to": [
              {
                "_type": "Parry",
                "name": "Release",
                "hitbox": {
                  "Y": 25,
                  "X": 28,
                  "Z": 25
                },
                "when": 550,
                "ihbc": false
              }
            ]
          }
        }
      }
    }
  }
}