{
  "patch_id": "08b204f2-356d-4fc0-90bf-8071c1a68ec9",
  "timestamp": "2025-09-21T00:28:04.153208",
  "author": "Juanito",
  "diff": {
    "animation": {
      "rbxassetid://87546275535152": {
        "status": "modified",
        "changes": {
          "actions": {
            "from": [
              {
                "_type": "Dash",
                "name": "1",
                "hitbox": {
                  "Y": 0,
                  "X": 0,
                  "Z": 0
                },
                "when": 0,
                "ihbc": false
              }
            ],
            "to": [
              {
                "_type": "Dodge",
                "name": "1",
                "hitbox": {
                  "Y": 0,
                  "X": 0,
                  "Z": 0
                },
                "when": 0,
                "ihbc": false
              }
            ]
          }
        }
      }
    }
  }
}