{
  "patch_id": "a5c7b0cb-cbfc-4a73-b06f-70cd8995f203",
  "timestamp": "2025-09-27T11:08:46.473685",
  "author": "Juanito",
  "diff": {
    "animation": {
      "rbxassetid://13610101542": {
        "status": "modified",
        "changes": {
          "actions": {
            "from": [
              {
                "_type": "Parry",
                "name": "1",
                "hitbox": {
                  "Y": 40,
                  "X": 40,
                  "Z": 40
                },
                "when": 550,
                "ihbc": false
              },
              {
                "_type": "Parry",
                "name": "2",
                "hitbox": {
                  "Y": 40,
                  "X": 40,
                  "Z": 40
                },
                "when": 550,
                "ihbc": false
              }
            ],
            "to": [
              {
                "_type": "Parry",
                "name": "1",
                "hitbox": {
                  "Y": 0,
                  "X": 0,
                  "Z": 0
                },
                "when": 550,
                "ihbc": false
              },
              {
                "_type": "Parry",
                "name": "2",
                "hitbox": {
                  "Y": 40,
                  "X": 40,
                  "Z": 40
                },
                "when": 850,
                "ihbc": false
              }
            ]
          }
        }
      }
    }
  }
}