{
  "patch_id": "c3696ad9-71ac-4c38-ab06-7a39bec0014c",
  "timestamp": "2025-09-21T02:58:08.541805",
  "author": "Juanito",
  "diff": {
    "animation": {
      "rbxassetid://80841795666744": {
        "status": "added",
        "data": {
          "phd": false,
          "umoa": false,
          "dp": false,
          "rpd": 0,
          "pfht": 0.15,
          "smod": "N/A",
          "aatk": false,
          "scrambled": false,
          "iae": false,
          "ieae": false,
          "ha": false,
          "duih": false,
          "actions": [],
          "pfh": false,
          "ndfb": false,
          "rsd": 0,
          "after": 0,
          "_id": "rbxassetid://80841795666744",
          "mat": 2000,
          "rpue": false,
          "srpn": false,
          "phds": 0,
          "hitbox": {
            "Y": 0,
            "X": 0,
            "Z": 0
          },
          "punishable": 0,
          "name": "EdenbrandCrit",
          "imxd": 75,
          "smn": false,
          "fhb": true,
          "imdd": 0,
          "tag": "Undefined"
        }
      }
    }
  }
}