{
  "patch_id": "bdb2d552-c3f6-41b0-8ace-47e56e982b51",
  "timestamp": "2025-09-27T10:59:37.026512",
  "author": "Juanito",
  "diff": {
    "animation": {
      "rbxassetid://13610101542": {
        "status": "modified",
        "changes": {
          "actions": {
            "from": [
              {
                "_type": "Parry",
                "name": "1",
                "hitbox": {
                  "Y": 25,
                  "X": 25,
                  "Z": 25
                },
                "when": 550,
                "ihbc": false
              }
            ],
            "to": [
              {
                "_type": "Parry",
                "name": "1",
                "hitbox": {
                  "Y": 40,
                  "X": 40,
                  "Z": 40
                },
                "when": 550,
                "ihbc": false
              }
            ]
          }
        }
      }
    }
  }
}