{
  "patch_id": "ac2847f9-11f2-41f8-820d-4140ff0b3fa4",
  "timestamp": "2025-09-20T14:55:29.917425",
  "author": "Juanito",
  "diff": {
    "animation": {
      "rbxassetid://11363599835": {
        "status": "modified",
        "changes": {
          "hitbox": {
            "from": {
              "Y": 18,
              "X": 15.75,
              "Z": 18
            },
            "to": {
              "Y": 17,
              "X": 14.875,
              "Z": 17
            }
          }
        }
      },
      "rbxassetid://6669352471": {
        "status": "modified",
        "changes": {
          "hitbox": {
            "from": {
              "Y": 18,
              "X": 15.75,
              "Z": 22.5
            },
            "to": {
              "Y": 17,
              "X": 14.875,
              "Z": 21.25
            }
          }
        }
      }
    }
  }
}