{
  "patch_id": "4cfe4ff1-822b-4f4a-b0c3-25d580607056",
  "timestamp": "2025-09-21T04:34:21.630116",
  "author": "Juanito",
  "diff": {
    "animation": {
      "rbxassetid://82898164556000": {
        "status": "modified",
        "changes": {
          "actions": {
            "from": [
              {
                "_type": "Dodge",
                "name": "1",
                "hitbox": {
                  "Y": 32,
                  "X": 32,
                  "Z": 32
                },
                "when": 175,
                "ihbc": false
              }
            ],
            "to": [
              {
                "_type": "Dodge",
                "name": "1",
                "hitbox": {
                  "Y": 32,
                  "X": 32,
                  "Z": 32
                },
                "when": 180,
                "ihbc": false
              }
            ]
          }
        }
      }
    }
  }
}