{
  "patch_id": "b63d1f98-a538-4294-bb91-11234d16916f",
  "timestamp": "2025-09-21T04:17:01.393103",
  "author": "Juanito",
  "diff": {
    "animation": {
      "rbxassetid://133310040571072": {
        "status": "modified",
        "changes": {
          "actions": {
            "from": [
              {
                "_type": "Parry",
                "name": "1",
                "hitbox": {
                  "Y": 28,
                  "X": 24,
                  "Z": 24
                },
                "when": 650,
                "ihbc": false
              }
            ],
            "to": [
              {
                "_type": "Parry",
                "name": "1",
                "hitbox": {
                  "Y": 34,
                  "X": 34,
                  "Z": 34
                },
                "when": 650,
                "ihbc": false
              }
            ]
          }
        }
      }
    }
  }
}