{
  "patch_id": "d48ac657-e28c-4446-a594-90be0bdace92",
  "timestamp": "2025-09-21T04:30:30.473512",
  "author": "Juanito",
  "diff": {
    "animation": {
      "rbxassetid://82898164556000": {
        "status": "modified",
        "changes": {
          "duih": {
            "from": true,
            "to": false
          },
          "actions": {
            "from": [
              {
                "_type": "Parry",
                "name": "1",
                "hitbox": {
                  "Y": 0,
                  "X": 0,
                  "Z": 0
                },
                "when": 0,
                "ihbc": false
              }
            ],
            "to": [
              {
                "_type": "Parry",
                "name": "1",
                "hitbox": {
                  "Y": 23,
                  "X": 23,
                  "Z": 23
                },
                "when": 250,
                "ihbc": false
              }
            ]
          }
        }
      }
    }
  }
}