{
  "patch_id": "bbc5b0db-0ffe-4d7a-a1bc-6c0fcf5e8cc7",
  "timestamp": "2025-09-21T04:33:57.323561",
  "author": "Juanito",
  "diff": {
    "animation": {
      "rbxassetid://82898164556000": {
        "status": "modified",
        "changes": {
          "actions": {
            "from": [
              {
                "_type": "Parry",
                "name": "1",
                "hitbox": {
                  "Y": 32,
                  "X": 32,
                  "Z": 32
                },
                "when": 250,
                "ihbc": false
              }
            ],
            "to": [
              {
                "_type": "Parry",
                "name": "1",
                "hitbox": {
                  "Y": 32,
                  "X": 32,
                  "Z": 32
                },
                "when": 175,
                "ihbc": false
              }
            ]
          }
        }
      }
    }
  }
}