{
  "patch_id": "ca4ab498-8830-42f2-a444-9197c3f5387b",
  "timestamp": "2025-09-21T00:41:41.495286",
  "author": "Juanito",
  "diff": {
    "animation": {
      "rbxassetid://14428522483": {
        "status": "modified",
        "changes": {
          "actions": {
            "from": [
              {
                "_type": "Parry",
                "name": "1",
                "hitbox": {
                  "Y": 50,
                  "X": 21,
                  "Z": 21
                },
                "when": 750,
                "ihbc": false
              }
            ],
            "to": [
              {
                "_type": "Parry",
                "name": "1",
                "hitbox": {
                  "Y": 55,
                  "X": 21,
                  "Z": 21
                },
                "when": 750,
                "ihbc": false
              }
            ]
          }
        }
      }
    }
  }
}