{
  "patch_id": "6f49648c-b906-405f-a5a0-a47f5f139b13",
  "timestamp": "2025-09-21T00:36:56.487201",
  "author": "Juanito",
  "diff": {
    "animation": {
      "rbxassetid://14428522483": {
        "status": "modified",
        "changes": {
          "actions": {
            "from": [
              {
                "_type": "Parry",
                "name": "1",
                "hitbox": {
                  "Y": 50,
                  "X": 21,
                  "Z": 21
                },
                "when": 700,
                "ihbc": false
              }
            ],
            "to": [
              {
                "_type": "Parry",
                "name": "1",
                "hitbox": {
                  "Y": 50,
                  "X": 21,
                  "Z": 21
                },
                "when": 750,
                "ihbc": false
              }
            ]
          }
        }
      }
    }
  }
}