{
  "patch_id": "a44ed5a9-e1b7-483e-a68c-8ca48ea22065",
  "timestamp": "2025-09-27T11:07:46.476743",
  "author": "Juanito",
  "diff": {
    "animation": {
      "rbxassetid://13610101542": {
        "status": "modified",
        "changes": {
          "actions": {
            "from": [
              {
                "_type": "Parry",
                "name": "1",
                "hitbox": {
                  "Y": 40,
                  "X": 40,
                  "Z": 40
                },
                "when": 550,
                "ihbc": false
              }
            ],
            "to": [
              {
                "_type": "Parry",
                "name": "1",
                "hitbox": {
                  "Y": 40,
                  "X": 40,
                  "Z": 40
                },
                "when": 550,
                "ihbc": false
              },
              {
                "_type": "Parry",
                "name": "2",
                "hitbox": {
                  "Y": 40,
                  "X": 40,
                  "Z": 40
                },
                "when": 550,
                "ihbc": false
              }
            ]
          }
        }
      },
      "rbxassetid://7576748728": {
        "status": "modified",
        "changes": {
          "hitbox": {
            "from": {
              "Y": 18,
              "X": 15.75,
              "Z": 18
            },
            "to": {
              "Y": 18,
              "X": 8.000000953674316,
              "Z": 18
            }
          }
        }
      },
      "rbxassetid://6669352471": {
        "status": "modified",
        "changes": {
          "hitbox": {
            "from": {
              "Y": 17,
              "X": 14.875,
              "Z": 21.25
            },
            "to": {
              "Y": 17,
              "X": 8.000000953674316,
              "Z": 16.000001907348633
            }
          }
        }
      }
    }
  }
}