{
  "patch_id": "a7a5dd2e-2f95-4526-b806-388cae780829",
  "timestamp": "2025-09-21T04:16:38.580058",
  "author": "Juanito",
  "diff": {
    "animation": {
      "rbxassetid://133310040571072": {
        "status": "modified",
        "changes": {
          "actions": {
            "from": [
              {
                "_type": "Parry",
                "name": "1",
                "hitbox": {
                  "Y": 0,
                  "X": 0,
                  "Z": 0
                },
                "when": 650,
                "ihbc": false
              }
            ],
            "to": [
              {
                "_type": "Parry",
                "name": "1",
                "hitbox": {
                  "Y": 28,
                  "X": 24,
                  "Z": 24
                },
                "when": 650,
                "ihbc": false
              }
            ]
          }
        }
      }
    }
  }
}