{
  "patch_id": "6450540b-99d3-4872-a819-f7e07a5654c9",
  "timestamp": "2025-09-20T19:27:44.301257",
  "author": "Blastbrean",
  "diff": {
    "animation": {
      "rbxassetid://11363599835": {
        "status": "modified",
        "changes": {
          "hitbox": {
            "from": {
              "Y": 17,
              "X": 14.875,
              "Z": 17
            },
            "to": {
              "Y": 18,
              "X": 15.75,
              "Z": 18
            }
          }
        }
      }
    }
  }
}