{
  "patch_id": "78f2fd17-32c6-4120-9df5-5c3558b339db",
  "timestamp": "2025-09-21T01:02:54.414437",
  "author": "Juanito",
  "diff": {
    "animation": {
      "rbxassetid://11363599835": {
        "status": "modified",
        "changes": {
          "hitbox": {
            "from": {
              "Y": 17,
              "X": 14.875,
              "Z": 17
            },
            "to": {
              "Y": 17,
              "X": 8.000000953674316,
              "Z": 17
            }
          }
        }
      },
      "rbxassetid://14428522483": {
        "status": "modified",
        "changes": {
          "duih": {
            "from": false,
            "to": true
          },
          "actions": {
            "from": [
              {
                "_type": "Parry",
                "name": "1",
                "hitbox": {
                  "Y": 50,
                  "X": 21,
                  "Z": 21
                },
                "when": 700,
                "ihbc": false
              }
            ],
            "to": [
              {
                "_type": "Parry",
                "name": "1",
                "hitbox": {
                  "Y": 60,
                  "X": 21,
                  "Z": 21
                },
                "when": 750,
                "ihbc": false
              }
            ]
          },
          "hitbox": {
            "from": {
              "Y": 0,
              "X": 0,
              "Z": 0
            },
            "to": {
              "Y": 175,
              "X": 21,
              "Z": 21
            }
          }
        }
      },
      "rbxassetid://87546275535152": {
        "status": "modified",
        "changes": {
          "duih": {
            "from": true,
            "to": false
          },
          "umoa": {
            "from": false,
            "to": true
          },
          "actions": {
            "from": [
              {
                "_type": "Dash",
                "name": "1",
                "hitbox": {
                  "Y": 0,
                  "X": 0,
                  "Z": 0
                },
                "when": 0,
                "ihbc": false
              }
            ],
            "to": [
              {
                "_type": "Dodge",
                "name": "1",
                "hitbox": {
                  "Y": 0,
                  "X": 0,
                  "Z": 0
                },
                "when": 0,
                "ihbc": false
              }
            ]
          },
          "smod": {
            "from": "N/A",
            "to": "Veinbreaker"
          }
        }
      }
    },
    "sound": {
      "rbxassetid://376107250": {
        "status": "removed",
        "name": "SightlessBeamCharge"
      }
    }
  }
}