{
  "patch_id": "edf4cd6b-e233-4183-9108-6a1ce3956aaf",
  "timestamp": "2025-09-24T16:59:03.930580",
  "author": "Juanito",
  "diff": {
    "part": {
      "Spike": {
        "status": "modified",
        "changes": {
          "actions": {
            "from": [
              {
                "_type": "Parry",
                "name": "1",
                "hitbox": {
                  "Y": 50,
                  "X": 15,
                  "Z": 15
                },
                "when": 300,
                "ihbc": false
              }
            ],
            "to": [
              {
                "_type": "Parry",
                "name": "1",
                "hitbox": {
                  "Y": 50,
                  "X": 15,
                  "Z": 15
                },
                "when": 550,
                "ihbc": false
              }
            ]
          }
        }
      }
    }
  }
}