{
  "patch_id": "d567c0ca-50b2-42e5-98b5-e2d01ef65c03",
  "timestamp": "2025-09-24T14:40:10.500740",
  "author": "Juanito",
  "diff": {
    "animation": {
      "rbxassetid://11363599835": {
        "status": "modified",
        "changes": {
          "hitbox": {
            "from": {
              "Y": 17,
              "X": 14.875,
              "Z": 17
            },
            "to": {
              "Y": 17,
              "X": 8.000000953674316,
              "Z": 17
            }
          }
        }
      },
      "rbxassetid://127907374073443": {
        "status": "added",
        "data": {
          "imb": false,
          "phd": false,
          "umoa": false,
          "dp": false,
          "pfht": 0.15,
          "rpd": 0,
          "aatk": false,
          "smod": "N/A",
          "hso": 0,
          "scrambled": false,
          "iae": false,
          "ieae": false,
          "ha": false,
          "duih": false,
          "actions": [
            {
              "_type": "Parry",
              "name": "1",
              "hitbox": {
                "Y": 12,
                "X": 12,
                "Z": 18
              },
              "when": 1100,
              "ihbc": false
            }
          ],
          "pfh": false,
          "ndfb": false,
          "rsd": 0,
          "after": 0,
          "_id": "rbxassetid://127907374073443",
          "mat": 2000,
          "rpue": false,
          "srpn": false,
          "phds": 0,
          "hitbox": {
            "Y": 0,
            "X": 0,
            "Z": 0
          },
          "punishable": 0,
          "name": "ScoundrelCrit",
          "imxd": 43,
          "smn": false,
          "fhb": true,
          "imdd": 0,
          "tag": "Undefined"
        }
      },
      "rbxassetid://15302935464": {
        "status": "modified",
        "changes": {
          "fhb": {
            "from": true,
            "to": false
          },
          "actions": {
            "from": [
              {
                "_type": "Parry",
                "name": "1",
                "hitbox": {
                  "Y": 10,
                  "X": 10,
                  "Z": 11
                },
                "when": 0,
                "ihbc": false
              }
            ],
            "to": [
              {
                "_type": "Parry",
                "name": "1",
                "hitbox": {
                  "Y": 15,
                  "X": 19,
                  "Z": 23
                },
                "when": 0,
                "ihbc": false
              }
            ]
          }
        }
      },
      "rbxassetid://103325425676000": {
        "status": "added",
        "data": {
          "imb": false,
          "phd": false,
          "umoa": false,
          "dp": false,
          "pfht": 0.15,
          "rpd": 0,
          "aatk": false,
          "smod": "N/A",
          "hso": 0,
          "scrambled": false,
          "iae": false,
          "ieae": false,
          "ha": false,
          "duih": false,
          "actions": [
            {
              "_type": "Parry",
              "name": "1",
              "hitbox": {
                "Y": 25,
                "X": 25,
                "Z": 25
              },
              "when": 400,
              "ihbc": false
            }
          ],
          "pfh": false,
          "ndfb": false,
          "rsd": 0,
          "after": 0,
          "_id": "rbxassetid://103325425676000",
          "mat": 2000,
          "rpue": false,
          "srpn": false,
          "phds": 0,
          "hitbox": {
            "Y": 0,
            "X": 0,
            "Z": 0
          },
          "punishable": 0,
          "name": "ScalesplitterCrit",
          "imxd": 43,
          "smn": false,
          "fhb": false,
          "imdd": 0,
          "tag": "Undefined"
        }
      }
    }
  }
}