{
  "patch_id": "dc69478b-8463-48f1-a996-76ed432c2a30",
  "timestamp": "2025-09-23T14:51:37.826681",
  "author": "Juanito",
  "diff": {
    "animation": {
      "rbxassetid://11219902982": {
        "status": "modified",
        "changes": {
          "actions": {
            "from": [
              {
                "_type": "Parry",
                "name": "1",
                "hitbox": {
                  "Y": 31,
                  "X": 31,
                  "Z": 100
                },
                "when": 600,
                "ihbc": false
              }
            ],
            "to": [
              {
                "_type": "Parry",
                "name": "1",
                "hitbox": {
                  "Y": 31,
                  "X": 31,
                  "Z": 100
                },
                "when": 550,
                "ihbc": false
              }
            ]
          }
        }
      }
    }
  }
}