{
  "patch_id": "58885f9a-60f7-4e42-872e-62535653bdfc",
  "timestamp": "2025-09-21T03:03:08.555896",
  "author": "Juanito",
  "diff": {
    "animation": {
      "rbxassetid://91712846887182": {
        "status": "added",
        "data": {
          "phd": false,
          "umoa": false,
          "dp": false,
          "rpd": 0,
          "pfht": 0.15,
          "smod": "N/A",
          "aatk": false,
          "scrambled": false,
          "iae": false,
          "ieae": false,
          "ha": false,
          "duih": false,
          "actions": [
            {
              "_type": "Dodge",
              "name": "1",
              "hitbox": {
                "Y": 20,
                "X": 20,
                "Z": 21
              },
              "when": 880,
              "ihbc": false
            }
          ],
          "pfh": false,
          "ndfb": false,
          "rsd": 0,
          "after": 0,
          "_id": "rbxassetid://91712846887182",
          "mat": 2000,
          "rpue": false,
          "srpn": false,
          "phds": 0,
          "hitbox": {
            "Y": 0,
            "X": 0,
            "Z": 0
          },
          "punishable": 0,
          "name": "HullwreckerCrit",
          "imxd": 86,
          "smn": false,
          "fhb": true,
          "imdd": 0,
          "tag": "Undefined"
        }
      }
    }
  }
}