{
  "patch_id": "18222aac-12c8-4259-aef2-294d38198d8e",
  "timestamp": "2025-09-26T17:13:50.599572",
  "author": "Juanito",
  "diff": {
    "animation": {
      "rbxassetid://7576748728": {
        "status": "modified",
        "changes": {
          "hitbox": {
            "from": {
              "Y": 16,
              "X": 14,
              "Z": 16
            },
            "to": {
              "Y": 18,
              "X": 15.75,
              "Z": 18
            }
          }
        }
      }
    }
  }
}