{
  "patch_id": "429dc698-bdba-4307-91e5-3c9cf23f7353",
  "timestamp": "2025-09-21T22:43:22.179068",
  "author": "Blastbrean",
  "diff": {
    "animation": {
      "rbxassetid://5680585677": {
        "status": "modified",
        "changes": {
          "actions": {
            "from": [
              {
                "_type": "Parry",
                "name": "1",
                "hitbox": {
                  "Y": 40,
                  "X": 40,
                  "Z": 49
                },
                "when": 350,
                "ihbc": false
              },
              {
                "_type": "Parry",
                "name": "3",
                "hitbox": {
                  "Y": 40,
                  "X": 40,
                  "Z": 25
                },
                "when": 1950,
                "ihbc": false
              },
              {
                "_type": "Parry",
                "name": "2",
                "hitbox": {
                  "Y": 40,
                  "X": 40,
                  "Z": 40
                },
                "when": 1250,
                "ihbc": false
              }
            ],
            "to": [
              {
                "_type": "Parry",
                "name": "1",
                "hitbox": {
                  "Y": 40,
                  "X": 40,
                  "Z": 49
                },
                "when": 350,
                "ihbc": false
              },
              {
                "_type": "Parry",
                "name": "3",
                "hitbox": {
                  "Y": 40,
                  "X": 40,
                  "Z": 25
                },
                "when": 1950,
                "ihbc": false
              },
              {
                "_type": "Parry",
                "name": "2",
                "hitbox": {
                  "Y": 40,
                  "X": 40,
                  "Z": 40
                },
                "when": 1150,
                "ihbc": false
              }
            ]
          }
        }
      }
    }
  }
}