{
  "patch_id": "f5f885a9-7961-412c-b4d9-5d6dc6f55b89",
  "timestamp": "2025-09-21T04:33:31.287695",
  "author": "Juanito",
  "diff": {
    "animation": {
      "rbxassetid://82898164556000": {
        "status": "modified",
        "changes": {
          "actions": {
            "from": [
              {
                "_type": "Parry",
                "name": "1",
                "hitbox": {
                  "Y": 23,
                  "X": 23,
                  "Z": 23
                },
                "when": 250,
                "ihbc": false
              }
            ],
            "to": [
              {
                "_type": "Parry",
                "name": "1",
                "hitbox": {
                  "Y": 32,
                  "X": 32,
                  "Z": 32
                },
                "when": 100,
                "ihbc": false
              }
            ]
          }
        }
      }
    }
  }
}