{
  "patch_id": "df997c2a-ce63-4610-986a-6b2dd861258e",
  "timestamp": "2025-09-23T14:51:16.883674",
  "author": "Juanito",
  "diff": {
    "animation": {
      "rbxassetid://11219902982": {
        "status": "modified",
        "changes": {
          "actions": {
            "from": [
              {
                "_type": "Parry",
                "name": "1",
                "hitbox": {
                  "Y": 0,
                  "X": 0,
                  "Z": 0
                },
                "when": 600,
                "ihbc": false
              }
            ],
            "to": [
              {
                "_type": "Parry",
                "name": "1",
                "hitbox": {
                  "Y": 31,
                  "X": 31,
                  "Z": 100
                },
                "when": 600,
                "ihbc": false
              }
            ]
          }
        }
      }
    }
  }
}