{
  "patch_id": "7d4361fe-91af-423d-9717-6235e720e644",
  "timestamp": "2025-09-25T13:27:22.694668",
  "author": "Juanito",
  "diff": {
    "animation": {
      "rbxassetid://5832842794": {
        "status": "modified",
        "changes": {
          "actions": {
            "from": [
              {
                "_type": "Parry",
                "name": "1",
                "hitbox": {
                  "Y": 21,
                  "X": 21,
                  "Z": 50
                },
                "when": 150,
                "ihbc": false
              }
            ],
            "to": [
              {
                "_type": "Dodge",
                "name": "1",
                "hitbox": {
                  "Y": 21,
                  "X": 21,
                  "Z": 50
                },
                "when": 50,
                "ihbc": false
              }
            ]
          }
        }
      }
    }
  }
}