{
  "patch_id": "64c597cc-34e2-411f-86e3-b469b89901f0",
  "timestamp": "2025-09-23T14:53:02.726325",
  "author": "Juanito",
  "diff": {
    "animation": {
      "rbxassetid://11219902982": {
        "status": "modified",
        "changes": {
          "actions": {
            "from": [
              {
                "_type": "Parry",
                "name": "1",
                "hitbox": {
                  "Y": 25,
                  "X": 25,
                  "Z": 100
                },
                "when": 550,
                "ihbc": false
              }
            ],
            "to": [
              {
                "_type": "Parry",
                "name": "1",
                "hitbox": {
                  "Y": 25,
                  "X": 25,
                  "Z": 85
                },
                "when": 550,
                "ihbc": false
              }
            ]
          }
        }
      }
    }
  }
}