{
  "patch_id": "9c932075-e729-42df-9104-87329522dfa3",
  "timestamp": "2025-09-25T13:26:01.436904",
  "author": "Juanito",
  "diff": {
    "animation": {
      "rbxassetid://6669352471": {
        "status": "modified",
        "changes": {
          "hitbox": {
            "from": {
              "Y": 17,
              "X": 14.875,
              "Z": 21.25
            },
            "to": {
              "Y": 17,
              "X": 8.000000953674316,
              "Z": 16.000001907348633
            }
          }
        }
      },
      "rbxassetid://17108566269": {
        "status": "modified",
        "changes": {
          "actions": {
            "from": [
              {
                "_type": "Dodge",
                "name": "Release",
                "hitbox": {
                  "Y": 25,
                  "X": 10,
                  "Z": 20
                },
                "when": 700,
                "ihbc": false
              }
            ],
            "to": [
              {
                "_type": "Dodge",
                "name": "Release",
                "hitbox": {
                  "Y": 25,
                  "X": 18,
                  "Z": 20
                },
                "when": 700,
                "ihbc": false
              }
            ]
          }
        }
      }
    }
  }
}