{
  "patch_id": "faf69e5f-d66f-447e-9ffc-fa44db09526f",
  "timestamp": "2025-09-21T03:48:47.919665",
  "author": "Juanito",
  "diff": {
    "animation": {
      "rbxassetid://74575549085897": {
        "status": "modified",
        "changes": {
          "actions": {
            "from": [
              {
                "_type": "Parry",
                "name": "1",
                "hitbox": {
                  "Y": 15,
                  "X": 15,
                  "Z": 15
                },
                "when": 1300,
                "ihbc": false
              },
              {
                "_type": "Parry",
                "name": "2",
                "hitbox": {
                  "Y": 15,
                  "X": 15,
                  "Z": 15
                },
                "when": 1300,
                "ihbc": false
              }
            ],
            "to": [
              {
                "_type": "Parry",
                "name": "1",
                "hitbox": {
                  "Y": 15,
                  "X": 15,
                  "Z": 15
                },
                "when": 1300,
                "ihbc": false
              },
              {
                "_type": "Parry",
                "name": "2",
                "hitbox": {
                  "Y": 15,
                  "X": 14,
                  "Z": 14
                },
                "when": 500,
                "ihbc": false
              }
            ]
          }
        }
      }
    }
  }
}