{
  "patch_id": "36f1bda5-d9a6-4636-8a67-6ac87b815c9d",
  "timestamp": "2025-09-21T03:48:42.785941",
  "author": "Juanito",
  "diff": {
    "animation": {
      "rbxassetid://74575549085897": {
        "status": "modified",
        "changes": {
          "actions": {
            "from": [
              {
                "_type": "Parry",
                "name": "1",
                "hitbox": {
                  "Y": 15,
                  "X": 15,
                  "Z": 15
                },
                "when": 1300,
                "ihbc": false
              }
            ],
            "to": [
              {
                "_type": "Parry",
                "name": "1",
                "hitbox": {
                  "Y": 15,
                  "X": 15,
                  "Z": 15
                },
                "when": 1300,
                "ihbc": false
              },
              {
                "_type": "Parry",
                "name": "2",
                "hitbox": {
                  "Y": 15,
                  "X": 15,
                  "Z": 15
                },
                "when": 1300,
                "ihbc": false
              }
            ]
          }
        }
      }
    }
  }
}