{
  "patch_id": "03668301-cb19-4bb1-a90f-6c5131016ffa",
  "timestamp": "2025-09-21T03:47:42.778837",
  "author": "Juanito",
  "diff": {
    "animation": {
      "rbxassetid://74575549085897": {
        "status": "added",
        "data": {
          "phd": false,
          "umoa": false,
          "dp": false,
          "rpd": 0,
          "pfht": 0.15,
          "smod": "N/A",
          "aatk": false,
          "scrambled": false,
          "iae": false,
          "ieae": false,
          "ha": false,
          "duih": false,
          "actions": [],
          "pfh": false,
          "ndfb": false,
          "rsd": 0,
          "after": 0,
          "_id": "rbxassetid://74575549085897",
          "mat": 2000,
          "rpue": false,
          "srpn": false,
          "phds": 0,
          "hitbox": {
            "Y": 0,
            "X": 0,
            "Z": 0
          },
          "punishable": 0,
          "name": "FractineCrit",
          "imxd": 64,
          "smn": false,
          "fhb": true,
          "imdd": 0,
          "tag": "Undefined"
        }
      }
    }
  }
}