{
  "patch_id": "ec1ffabb-21d8-47c5-b835-f7046a596b2d",
  "timestamp": "2025-09-24T14:41:34.707785",
  "author": "Juanito",
  "diff": {
    "animation": {
      "rbxassetid://75119009295288": {
        "status": "removed",
        "name": "dsdasdasda"
      },
      "rbxassetid://15449613429": {
        "status": "modified",
        "changes": {
          "umoa": {
            "from": false,
            "to": true
          },
          "smod": {
            "from": "N/A",
            "to": "WindForge"
          }
        }
      }
    }
  }
}