{
  "patch_id": "4885e576-24e3-49c8-8f48-53dd7ad2a924",
  "timestamp": "2025-09-24T16:57:27.919353",
  "author": "Juanito",
  "diff": {
    "part": {
      "Spike": {
        "status": "modified",
        "changes": {
          "actions": {
            "from": [
              {
                "_type": "Parry",
                "name": "1",
                "hitbox": {
                  "Y": 20,
                  "X": 11,
                  "Z": 11
                },
                "when": 0,
                "ihbc": false
              }
            ],
            "to": [
              {
                "_type": "Parry",
                "name": "1",
                "hitbox": {
                  "Y": 23,
                  "X": 15,
                  "Z": 15
                },
                "when": 0,
                "ihbc": false
              }
            ]
          }
        }
      }
    }
  }
}