{
  "patch_id": "74db7b23-2a3f-496a-8903-58eb92de169f",
  "timestamp": "2025-09-25T22:01:10.798345",
  "author": "Blastbrean",
  "diff": {
    "animation": {
      "rbxassetid://test": {
        "status": "added",
        "data": {
          "phd": false,
          "umoa": false,
          "imb": false,
          "dp": false,
          "rpd": 0,
          "pfht": 0.15,
          "smod": "N/A",
          "hso": 0,
          "aatk": false,
          "rsd": 0,
          "ieae": false,
          "iae": false,
          "ha": false,
          "actions": [],
          "pfh": false,
          "ndfb": false,
          "duih": false,
          "after": 0,
          "_id": "rbxassetid://test",
          "mat": 2000,
          "rpue": false,
          "srpn": false,
          "phds": 0,
          "hitbox": {
            "Y": 0,
            "X": 0,
            "Z": 0
          },
          "punishable": 0,
          "name": "asdasd",
          "imxd": 0,
          "smn": false,
          "fhb": true,
          "imdd": 0,
          "tag": "Undefined"
        }
      }
    }
  }
}