{
  "patch_id": "4acb5dd2-57af-412e-b4c2-7e180fe13c4a",
  "timestamp": "2025-09-21T00:38:39.736982",
  "author": "Juanito",
  "diff": {
    "animation": {
      "rbxassetid://14428522483": {
        "status": "modified",
        "changes": {
          "hitbox": {
            "from": {
              "Y": 102,
              "X": 21,
              "Z": 21
            },
            "to": {
              "Y": 120,
              "X": 21,
              "Z": 21
            }
          }
        }
      }
    }
  }
}