{
  "patch_id": "33d456a5-05f2-4c3a-9320-a766ada8cf1f",
  "timestamp": "2025-09-24T17:02:01.311296",
  "author": "Juanito",
  "diff": {
    "animation": {
      "rbxassetid://15941738769": {
        "status": "added",
        "data": {
          "phd": false,
          "umoa": false,
          "imb": false,
          "dp": false,
          "rpd": 0,
          "pfht": 0.15,
          "smod": "N/A",
          "hso": 0,
          "aatk": false,
          "rsd": 0,
          "ieae": false,
          "iae": false,
          "ha": false,
          "actions": [
            {
              "_type": "Parry",
              "name": "1",
              "hitbox": {
                "Y": 31,
                "X": 60,
                "Z": 60
              },
              "when": 600,
              "ihbc": false
            }
          ],
          "pfh": false,
          "ndfb": false,
          "duih": false,
          "after": 0,
          "_id": "rbxassetid://15941738769",
          "mat": 2000,
          "rpue": false,
          "srpn": false,
          "phds": 0,
          "hitbox": {
            "Y": 0,
            "X": 0,
            "Z": 0
          },
          "punishable": 0,
          "name": "PermaFrostPrison",
          "imxd": 75,
          "smn": false,
          "fhb": false,
          "imdd": 0,
          "tag": "Undefined"
        }
      }
    }
  }
}