{
  "patch_id": "5fb79edb-d6d6-49af-b7d5-0629a48e8353",
  "timestamp": "2025-09-21T04:35:48.545303",
  "author": "Juanito",
  "diff": {
    "animation": {
      "rbxassetid://113791985784867": {
        "status": "modified",
        "changes": {
          "duih": {
            "from": false,
            "to": true
          },
          "actions": {
            "from": [
              {
                "_type": "Dodge",
                "name": "1",
                "hitbox": {
                  "Y": 32,
                  "X": 32,
                  "Z": 32
                },
                "when": 180,
                "ihbc": false
              }
            ],
            "to": [
              {
                "_type": "Parry",
                "name": "1",
                "hitbox": {
                  "Y": 0,
                  "X": 0,
                  "Z": 0
                },
                "when": 0,
                "ihbc": false
              }
            ]
          },
          "hitbox": {
            "from": {
              "Y": 81,
              "X": 60,
              "Z": 89
            },
            "to": {
              "Y": 25,
              "X": 25,
              "Z": 25
            }
          }
        }
      }
    }
  }
}