{
  "patch_id": "b1787f4b-634f-4ba7-86e2-e3e18a67e554",
  "timestamp": "2025-09-21T20:49:47.046207",
  "author": "Blastbrean",
  "diff": {
    "animation": {
      "rbxassetid://6728862735": {
        "status": "modified",
        "changes": {
          "actions": {
            "from": [
              {
                "_type": "Parry",
                "name": "Release",
                "hitbox": {
                  "Y": 25,
                  "X": 28,
                  "Z": 25
                },
                "when": 600,
                "ihbc": false
              }
            ],
            "to": [
              {
                "_type": "Parry",
                "name": "Release",
                "hitbox": {
                  "Y": 25,
                  "X": 28,
                  "Z": 25
                },
                "when": 500,
                "ihbc": false
              }
            ]
          }
        }
      }
    }
  }
}