{
  "patch_id": "716bb0f3-f2a7-484e-aedf-ab68b9dfd477",
  "timestamp": "2025-09-24T17:02:14.085069",
  "author": "Juanito",
  "diff": {
    "animation": {
      "rbxassetid://15941738769": {
        "status": "modified",
        "changes": {
          "actions": {
            "from": [
              {
                "_type": "Parry",
                "name": "1",
                "hitbox": {
                  "Y": 31,
                  "X": 60,
                  "Z": 60
                },
                "when": 600,
                "ihbc": false
              }
            ],
            "to": [
              {
                "_type": "Parry",
                "name": "1",
                "hitbox": {
                  "Y": 31,
                  "X": 60,
                  "Z": 60
                },
                "when": 450,
                "ihbc": false
              }
            ]
          }
        }
      }
    }
  }
}