{
  "patch_id": "7f39ead2-39bf-47bb-aec0-be93a23f19c0",
  "timestamp": "2025-09-23T14:55:03.411902",
  "author": "Juanito",
  "diff": {
    "animation": {
      "rbxassetid://11363599835": {
        "status": "modified",
        "changes": {
          "hitbox": {
            "from": {
              "Y": 17,
              "X": 8.000000953674316,
              "Z": 17
            },
            "to": {
              "Y": 17,
              "X": 14.875,
              "Z": 17
            }
          }
        }
      }
    }
  }
}