{
  "patch_id": "b3058c42-bc3e-4cb9-881e-1582da58f327",
  "timestamp": "2025-09-21T04:29:31.231865",
  "author": "Juanito",
  "diff": {
    "animation": {
      "rbxassetid://82898164556000": {
        "status": "modified",
        "changes": {
          "actions": {
            "from": [
              {
                "_type": "Dodge",
                "name": "1",
                "hitbox": {
                  "Y": 59,
                  "X": 60,
                  "Z": 90
                },
                "when": 150,
                "ihbc": false
              }
            ],
            "to": [
              {
                "_type": "Parry",
                "name": "1",
                "hitbox": {
                  "Y": 0,
                  "X": 0,
                  "Z": 0
                },
                "when": 0,
                "ihbc": false
              }
            ]
          }
        }
      }
    }
  }
}