{
  "patch_id": "6e9338bc-0934-4ff2-a996-19257938d25a",
  "timestamp": "2025-09-21T03:57:41.378709",
  "author": "Juanito",
  "diff": {
    "part": {
      "Shard": {
        "status": "modified",
        "changes": {
          "actions": {
            "from": [
              {
                "_type": "Parry",
                "name": "1",
                "hitbox": {
                  "Y": 21,
                  "X": 21,
                  "Z": 21
                },
                "when": 500,
                "ihbc": false
              }
            ],
            "to": [
              {
                "_type": "Parry",
                "name": "1",
                "hitbox": {
                  "Y": 18,
                  "X": 18,
                  "Z": 18
                },
                "when": 530,
                "ihbc": false
              }
            ]
          }
        }
      }
    }
  }
}