{
  "patch_id": "21f015d3-d1d8-4595-8103-ad854709ef84",
  "timestamp": "2025-09-24T16:57:18.846385",
  "author": "Juanito",
  "diff": {
    "part": {
      "Spike": {
        "status": "modified",
        "changes": {
          "actions": {
            "from": [
              {
                "_type": "Parry",
                "name": "1",
                "hitbox": {
                  "Y": 11,
                  "X": 11,
                  "Z": 18
                },
                "when": 0,
                "ihbc": false
              }
            ],
            "to": [
              {
                "_type": "Parry",
                "name": "1",
                "hitbox": {
                  "Y": 20,
                  "X": 11,
                  "Z": 11
                },
                "when": 0,
                "ihbc": false
              }
            ]
          }
        }
      }
    }
  }
}