{
  "patch_id": "b95bd721-b146-42fd-bb69-f1e3ca1f0db9",
  "timestamp": "2025-09-21T04:33:44.644002",
  "author": "Juanito",
  "diff": {
    "animation": {
      "rbxassetid://82898164556000": {
        "status": "modified",
        "changes": {
          "actions": {
            "from": [
              {
                "_type": "Parry",
                "name": "1",
                "hitbox": {
                  "Y": 32,
                  "X": 32,
                  "Z": 32
                },
                "when": 100,
                "ihbc": false
              }
            ],
            "to": [
              {
                "_type": "Parry",
                "name": "1",
                "hitbox": {
                  "Y": 32,
                  "X": 32,
                  "Z": 32
                },
                "when": 250,
                "ihbc": false
              }
            ]
          }
        }
      }
    }
  }
}