{
  "patch_id": "52b4f793-49ff-42c1-bc69-4588a44b6421",
  "timestamp": "2025-09-21T04:17:18.115537",
  "author": "Juanito",
  "diff": {
    "animation": {
      "rbxassetid://133310040571072": {
        "status": "modified",
        "changes": {
          "actions": {
            "from": [
              {
                "_type": "Parry",
                "name": "1",
                "hitbox": {
                  "Y": 34,
                  "X": 34,
                  "Z": 34
                },
                "when": 650,
                "ihbc": false
              }
            ],
            "to": [
              {
                "_type": "Parry",
                "name": "1",
                "hitbox": {
                  "Y": 34,
                  "X": 34,
                  "Z": 34
                },
                "when": 700,
                "ihbc": false
              }
            ]
          }
        }
      }
    }
  }
}