{
  "patch_id": "4087a306-16aa-47b7-ae97-09711f52aec6",
  "timestamp": "2025-09-24T16:58:36.305053",
  "author": "Juanito",
  "diff": {
    "part": {
      "Spike": {
        "status": "modified",
        "changes": {
          "actions": {
            "from": [
              {
                "_type": "Parry",
                "name": "1",
                "hitbox": {
                  "Y": 40,
                  "X": 15,
                  "Z": 15
                },
                "when": 0,
                "ihbc": false
              }
            ],
            "to": [
              {
                "_type": "Parry",
                "name": "1",
                "hitbox": {
                  "Y": 50,
                  "X": 15,
                  "Z": 15
                },
                "when": 300,
                "ihbc": false
              }
            ]
          }
        }
      }
    }
  }
}